date,daily_excess_return,cumulative_excess_return
2022-01-04,0.004574596881866455,0.004574596881866455
2022-01-05,0.0014646708966289457,0.006039267778495401
2022-01-06,0.00081384250735568,0.0068531102858510815
2022-01-07,-0.0018336018295573196,0.005019508456293762
2022-01-10,2.8453966889681282e-05,0.005047962423183444
2022-01-11,-0.004074372950504917,0.0009735894726785269
2022-01-12,0.0028334183549526297,0.0038070078276311566
2022-01-13,-0.0033787169101507186,0.000428290917480438
2022-01-14,0.00492763585520575,0.005355926772686188
2022-01-17,0.00161787589179995,0.006973802664486138
2022-01-18,-0.002622500896376179,0.0043513017681099594
2022-01-19,-0.004842766384834731,-0.0004914646167247716
2022-01-20,-0.006688362659596571,-0.007179827276321342
2022-01-21,-0.004216078009771165,-0.011395905286092507
2022-01-24,-0.004214062404453307,-0.015609967690545814
2022-01-25,-0.005499503579556688,-0.0211094712701025
2022-01-26,0.0011421187554652755,-0.019967352514637226
2022-01-27,-0.006503831782716345,-0.02647118429735357
2022-01-28,0.005002826193847221,-0.02146835810350635
2022-02-07,-0.008781765474535037,-0.030250123578041386
2022-02-08,0.007140445089695552,-0.023109678488345834
2022-02-09,0.001752488436664402,-0.02135719005168143
2022-02-10,0.0032583613700974184,-0.018098828681584012
2022-02-11,-0.01079273425969769,-0.0288915629412817
2022-02-14,0.0026629528651137668,-0.026228610076167932
2022-02-15,0.010725949844926435,-0.015502660231241498
2022-02-16,-0.0029928410269588757,-0.018495501258200375
2022-02-17,-0.0019821908898536088,-0.020477692148053984
2022-02-18,-0.004542173033679574,-0.025019865181733558
2022-02-21,0.006950984618815617,-0.01806888056291794
2022-02-22,-0.00738217377024537,-0.02545105433316331
2022-02-23,0.0033603989671263427,-0.02209065536603697
2022-02-24,-0.007276620636939651,-0.02936727600297662
2022-02-25,-0.001957199049797561,-0.03132447505277418
2022-02-28,-0.0025973565049736565,-0.033921831557747834
2022-03-01,-0.001631738314716951,-0.03555356987246479
2022-03-02,0.0029737613872546547,-0.03257980848521013
2022-03-03,0.0029718232016940054,-0.029607985283516124
2022-03-04,0.0030060960163962184,-0.026601889267119906
2022-03-07,-2.0713949645347524e-05,-0.026622603216765253
2022-03-08,-0.00966374953492996,-0.036286352751695214
2022-03-09,-0.014316278765875566,-0.05060263151757078
2022-03-10,-0.004093707523340752,-0.054696339040911535
2022-03-11,0.01139670278543697,-0.04329963625547456
2022-03-14,0.00818113377179914,-0.03511850248367542
2022-03-15,-0.007006718587054997,-0.04212522107073042
2022-03-16,-0.008156992755547536,-0.050282213826277955
2022-03-17,0.0068376632125287055,-0.04344455061374925
2022-03-18,0.0037048436119951384,-0.03973970700175411
2022-03-21,-0.0014996707449564254,-0.041239377746710534
2022-03-22,0.0040068275736275605,-0.037232550173082975
2022-03-23,0.004258779459691326,-0.03297377071339165
2022-03-24,0.0002431636528792314,-0.032730607060512416
2022-03-25,0.004172899060076394,-0.02855770800043602
2022-03-28,0.0055308940285230925,-0.02302681397191293
2022-03-29,-0.006410865760601533,-0.02943767973251446
2022-03-30,-0.005384960134658355,-0.034822639867172815
2022-03-31,-0.0044309119288595865,-0.039253551796032404
2022-04-01,-0.0035607855110109613,-0.042814337307043364
2022-04-06,-0.0020935307119643418,-0.04490786801900771
2022-04-07,-0.0012745841936282103,-0.04618245221263592
2022-04-08,-0.010399636875139333,-0.056582089087775254
2022-04-11,-0.009964549764497283,-0.06654663885227254
2022-04-12,0.005826970827314,-0.06071966802495853
2022-04-13,-0.0050863206081273446,-0.06580598863308587
2022-04-14,0.005965218174570491,-0.05984077045851538
2022-04-15,-0.002863624428200053,-0.06270439488671543
2022-04-18,0.022249051569082447,-0.04045534331763299
2022-04-19,-0.004227020015272804,-0.04468236333290579
2022-04-20,-0.00017687693232373665,-0.04485924026522953
2022-04-21,-0.010661430187788591,-0.05552067045301812
2022-04-22,-0.011193940207426612,-0.06671461066044473
2022-04-25,-0.01571491054023823,-0.08242952120068296
2022-04-26,-0.019274702950987703,-0.10170422415167066
2022-04-27,0.014457646259506254,-0.0872465778921644
2022-04-28,-0.006313627943279061,-0.09356020583544347
2022-04-29,0.016998315497285265,-0.0765618903381582
2022-05-05,0.01762747349088089,-0.058934416847277314
2022-05-06,0.006130125990237786,-0.052804290857039526
2022-05-09,0.00973412338384179,-0.04307016747319774
2022-05-10,0.0027986724151175635,-0.04027149505808018
2022-05-11,0.0005968815123097145,-0.03967461354577046
2022-05-12,0.0036095498019185672,-0.03606506374385189
2022-05-13,0.0006864642907986279,-0.035378599453053265
2022-05-16,0.00379398235083173,-0.03158461710222153
2022-05-17,-0.0069707637519709886,-0.03855538085419252
2022-05-18,0.0028432182061270345,-0.03571216264806549
2022-05-19,-0.00549477194932306,-0.04120693459738855
2022-05-20,-0.00028370830552793187,-0.04149064290291648
2022-05-23,0.007015822202893187,-0.03447482070002329
2022-05-24,0.0013541763557224635,-0.03312064434430083
2022-05-25,0.001768369399285415,-0.03135227494501541
2022-05-26,0.006459904469983709,-0.024892370475031705
2022-05-27,0.000236281710319007,-0.0246560887647127
2022-05-30,-0.0022333575422283183,-0.02688944630694102
2022-05-31,-0.004139895504848327,-0.031029341811789346
2022-06-01,0.0005578611418835292,-0.030471480669905817
2022-06-02,-0.0036170032956370935,-0.03408848396554291
2022-06-06,-0.012706882388399468,-0.04679536635394238
2022-06-07,0.003442478271718313,-0.04335288808222407
2022-06-08,-0.006945428295647018,-0.050298316377871084
2022-06-09,0.00856140565242079,-0.04173691072545029
2022-06-10,-0.00740706121633499,-0.04914397194178528
2022-06-13,-0.002439814438607482,-0.051583786380392765
2022-06-14,0.0021947324667232243,-0.04938905391366954
2022-06-15,0.008352835663394297,-0.041036218250275244
2022-06-16,0.002230287545103559,-0.03880593070517169
2022-06-17,-0.00862743518969424,-0.04743336589486593
2022-06-20,0.003452530854438603,-0.043980835040427324
2022-06-21,0.004762482020284107,-0.03921835302014322
2022-06-22,-0.0022799948051427767,-0.041498347825286
2022-06-23,-0.005414136253732771,-0.04691248407901877
2022-06-24,-0.007473587114935485,-0.05438607119395425
2022-06-27,-0.0011076517436565776,-0.055493722937610825
2022-06-28,0.001619945856506413,-0.05387377708110441
2022-06-29,0.010823741336957663,-0.04305003574414675
2022-06-30,-0.007383961847629983,-0.05043399759177673
2022-07-01,0.0030981800333686003,-0.047335817558408134
2022-07-04,-0.004019680861994331,-0.05135549842040246
2022-07-05,0.0013137806282801665,-0.0500417177921223
2022-07-06,0.002568663503019126,-0.04747305428910317
2022-07-07,-0.002375224282768199,-0.04984827857187137
2022-07-08,0.004562836272874135,-0.04528544229899724
2022-07-11,0.006153070675701357,-0.03913237162329588
2022-07-12,0.007520560308210308,-0.03161181131508557
2022-07-13,-0.004151646581263887,-0.03576345789634946
2022-07-14,0.0025532201161953105,-0.033210237780154146
2022-07-15,0.0006664696077520227,-0.03254376817240212
2022-07-18,0.0021705058567918606,-0.03037326231561026
2022-07-19,0.009326466610229005,-0.021046795705381257
2022-07-20,0.002223740516855195,-0.01882305518852606
2022-07-21,0.003952783583539504,-0.014870271604986558
2022-07-22,-0.005848548797346674,-0.02071882040233323
2022-07-25,0.0031611800939107433,-0.01755764030842249
2022-07-26,0.0008808134152102455,-0.016676826893212243
2022-07-27,-0.0038873698168998085,-0.020564196710112052
2022-07-28,0.004297165844944731,-0.01626703086516732
2022-07-29,-0.0028412582067777045,-0.019108289071945027
2022-08-01,-0.00135107776820617,-0.0204593668401512
2022-08-02,-0.007148571492409195,-0.027607938332560394
2022-08-03,0.005270210355899282,-0.02233772797666111
2022-08-04,0.002373436654212294,-0.019964291322448816
2022-08-05,0.007970255299898671,-0.011994036022550145
2022-08-08,0.0010510180459839234,-0.010943017976566221
2022-08-09,-0.003450914854840258,-0.01439393283140648
2022-08-10,-0.0005294932893370509,-0.014923426120743532
2022-08-11,0.005957591652380624,-0.008965834468362906
2022-08-12,0.005223370705109487,-0.0037424637632534194
2022-08-15,-0.00379638066490431,-0.007538844428157729
2022-08-16,0.002533782284114486,-0.005005062144043244
2022-08-17,0.003905848132012126,-0.0010992140120311177
2022-08-18,-0.004846570324882556,-0.005945784336913674
2022-08-19,0.005793888167937869,-0.00015189616897580503
2022-08-22,0.0001640531266770013,1.215695770119627e-05
2022-08-23,-0.005796456020826314,-0.005784299063125118
2022-08-24,-0.0006825893099799322,-0.00646688837310505
2022-08-25,-0.0006484387394784831,-0.007115327112583533
2022-08-26,0.004725798358883304,-0.002389528753700229
2022-08-29,0.004775734026604071,0.0023862052729038416
2022-08-30,0.006896192740716674,0.009282398013620515
2022-08-31,0.0010353844613516666,0.010317782474972182
2022-09-01,0.005849138205466501,0.016166920680438682
2022-09-02,0.000451791461881405,0.016618712142320087
2022-09-05,-0.004754199441903178,0.01186451270041691
2022-09-06,0.0027302538126254376,0.014594766513042347
2022-09-07,0.003784874488404904,0.01837964100144725
2022-09-08,-0.005584102307898741,0.012795538693548509
2022-09-09,-0.001334615553226521,0.011460923140321988
2022-09-13,-0.005296780512553105,0.006164142627768883
2022-09-14,-0.0014293127652908557,0.004734829862478028
2022-09-15,-0.008490279736160995,-0.0037554498736829672
2022-09-16,-0.000646311809545202,-0.004401761683228169
2022-09-19,-0.0001543745849926383,-0.004556136268220807
2022-09-20,0.004093703573290453,-0.0004624326949303542
2022-09-21,0.002385835567225577,0.0019234028722952229
2022-09-22,-1.7873256365595863e-05,0.001905529615929627
2022-09-23,-0.005208923908505973,-0.0033033942925763463
2022-09-26,-0.0064308821113323806,-0.009734276403908726
2022-09-27,0.013959452175617318,0.004225175771708592
2022-09-28,-0.004595889745745693,-0.0003707139740371009
2022-09-29,-0.0027888424928315604,-0.0031595564668686613
2022-09-30,0.0030001797217078102,-0.00015937674516085113
2022-10-10,-0.0014904007017978215,-0.0016497774469586726
2022-10-11,-0.0011594918086980234,-0.002809269255656696
2022-10-12,0.013030388406635686,0.01022111915097899
2022-10-13,0.005889856336596328,0.01611097548757532
2022-10-14,0.005840163002506633,0.021951138490081953
2022-10-17,0.006710500574968568,0.02866163906505052
2022-10-18,-0.005419255391399501,0.02324238367365102
2022-10-19,0.0022374610647306298,0.02547984473838165
2022-10-20,0.007151436809992405,0.03263128154837405
2022-10-21,-0.0003643072194951931,0.03226697432887886
2022-10-24,0.0011845661413028485,0.03345154047018171
2022-10-25,0.0047866247765199375,0.03823816524670164
2022-10-26,-0.002996799766614769,0.03524136548008688
2022-10-27,0.004591056624530364,0.03983242210461724
2022-10-28,-0.008607065048845043,0.031225357055772195
2022-10-31,-0.005125262944782251,0.026100094110989944
2022-11-01,-0.001836810604404406,0.024263283506585537
2022-11-02,0.005840895403675895,0.03010417891026143
2022-11-03,0.00383655541090345,0.03394073432116488
2022-11-04,-0.002732218746786393,0.03120851557437849
2022-11-07,0.0029237890699552755,0.03413230464433376
2022-11-08,0.0015936962390211609,0.035726000883354925
2022-11-09,0.004319034452860734,0.04004503533621566
2022-11-10,0.004826109367166696,0.044871144703382354
2022-11-11,0.005000036017387789,0.049871180720770146
2022-11-14,0.007078449284128059,0.05694963000489821
2022-11-15,-0.006053795487966028,0.05089583451693218
2022-11-16,0.0022689290651877296,0.05316476358211991
2022-11-17,0.0011811467104871714,0.05434591029260708
2022-11-18,-0.0010383261145976417,0.05330758417800944
2022-11-21,0.007117834610235787,0.06042541878824523
2022-11-22,0.009599654685094822,0.07002507347334005
2022-11-23,0.0019938232158610808,0.07201889668920114
2022-11-24,0.00021372274974827422,0.07223261943894942
2022-11-25,-0.0066691882770824685,0.06556343116186694
2022-11-28,0.0012894173295087048,0.06685284849137564
2022-11-29,-0.00997931567460896,0.05687353281676668
2022-11-30,0.0009858395177985634,0.05785937233456524
2022-12-01,0.00544710465784867,0.06330647699241392
2022-12-02,0.003554514316033824,0.06686099130844773
2022-12-05,-0.010697402355312075,0.05616358895313566
2022-12-06,-0.0004203351111308519,0.055743253842004806
2022-12-07,-3.17365406236655e-05,0.05571151730138114
2022-12-08,-0.007334926352969277,0.04837659094841186
2022-12-09,-0.007112880124872498,0.041263710823539364
2022-12-12,0.005883295823162845,0.04714700664670221
2022-12-13,-0.007725802897763579,0.039421203748938635
2022-12-14,-0.003785624116107065,0.03563557963283157
2022-12-15,-0.0004085518310476241,0.035227027801783946
2022-12-16,-0.0037320488288470734,0.03149497897293687
2022-12-19,-0.0029901125535454274,0.028504866419391442
2022-12-20,0.008275783538027012,0.036780649957418456
2022-12-21,-0.0069338295096453475,0.029846820447773106
2022-12-22,-0.0064193361481703765,0.02342748429960273
2022-12-23,-0.0007055133917977868,0.022721970907804943
2022-12-26,0.009236614783233598,0.031958585691038544
2022-12-27,1.4092597098547445e-05,0.03197267828813709
2022-12-28,-0.0012586604874869872,0.0307140178006501
2022-12-29,-0.002172142111129769,0.02854187568952033
2022-12-30,-0.0038760637062393434,0.024665811983280987
2023-01-03,0.008466457334240667,0.033132269317521654
2023-01-04,-0.00552314480896181,0.027609124508559846
2023-01-05,-0.00539413762134257,0.022214986887217278
2023-01-06,0.0002547370931207316,0.02246972398033801
2023-01-09,-0.0028670292343784746,0.019602694745959534
2023-01-10,-0.00018197446914733218,0.0194207202768122
2023-01-11,-0.002862298039385286,0.016558422237426915
2023-01-12,-0.0031259319426349516,0.013432490294791963
2023-01-13,0.003081588341914658,0.016514078636706623
2023-01-16,0.0005061579740854795,0.017020236610792102
2023-01-17,0.000345239744844916,0.017365476355637018
2023-01-18,0.00041635289513975555,0.017781829250776773
2023-01-19,-0.0022177859284136995,0.015564043322363073
2023-01-20,0.005948154016060376,0.02151219733842345
2023-01-30,-0.007317148385195028,0.014195048953228422
2023-01-31,0.00752115637073375,0.021716205323962172
2023-02-01,-0.0017742870372193095,0.01994191828674286
2023-02-02,0.0032178251093901824,0.023159743396133043
2023-02-03,-0.0009852262748628665,0.022174517121270176
2023-02-06,0.005908911331206243,0.028083428452476418
2023-02-07,0.0025982224152568244,0.030681650867733244
2023-02-08,0.0016700287413432579,0.0323516796090765
2023-02-09,-0.004777503168125118,0.027574176440951382
2023-02-10,0.0043173231061353285,0.03189149954708671
2023-02-13,0.0007477774398211286,0.03263927698690784
2023-02-14,0.0010857186808641488,0.03372499566777199
2023-02-15,-0.005012000407579729,0.02871299526019226
2023-02-16,-0.00043093657343249976,0.028282058686759762
2023-02-17,0.004635701952696978,0.03291776063945674
2023-02-20,-0.005440275865530818,0.027477484773925923
2023-02-21,0.004390420637627485,0.031867905411553404
2023-02-22,0.0018172690547583895,0.03368517446631179
2023-02-23,0.005231558516101286,0.03891673298241308
2023-02-24,-0.0006169659079126447,0.03829976707450043
2023-02-27,0.0004430110760696007,0.038742778150570034
2023-02-28,0.0009018156166408128,0.03964459376721085
2023-03-01,-0.008827794745307238,0.03081679902190361
2023-03-02,-0.005523571392899628,0.025293227629003982
2023-03-03,0.0010641334686744314,0.026357361097678413
2023-03-06,0.0018666469319353273,0.02822400802961374
2023-03-07,-0.004038287322151502,0.02418572070746224
2023-03-08,0.00126380441988372,0.025449525127345957
2023-03-09,0.0012177272574368325,0.02666725238478279
2023-03-10,0.001993845726123218,0.02866109811090601
2023-03-13,-0.00982414865457429,0.01883694945633172
2023-03-14,0.0015938116365020521,0.020430761092833774
2023-03-15,-0.004755495649724848,0.015675265443108925
2023-03-16,-0.0038798514427417666,0.011795414000367158
2023-03-17,-0.004469581501525042,0.007325832498842116
2023-03-20,0.0020904746949988624,0.009416307193840978
2023-03-21,0.004401432661611227,0.013817739855452205
2023-03-22,-0.003844371496852609,0.009973368358599596
2023-03-23,-0.008383023078001796,0.0015903452805978002
2023-03-24,0.0039801934374870595,0.00557053871808486
2023-03-27,0.0055239619127597445,0.011094500630844604
2023-03-28,0.006406236020603766,0.01750073665144837
2023-03-29,0.0015593796369963865,0.019060116288444756
2023-03-30,0.0039296940200312875,0.022989810308476043
2023-03-31,-0.0043821988235572115,0.01860761148491883
2023-04-03,0.00067681192758782,0.01928442341250665
2023-04-04,-0.007504267370026842,0.011780156042479808
2023-04-06,0.0008324867323623925,0.012612642774842201
2023-04-07,0.0025813721119268543,0.015194014886769056
2023-04-10,0.005169577938374693,0.02036359282514375
2023-04-11,0.00026876605616348015,0.02063235888130723
2023-04-12,-0.001946298607837068,0.01868606027347016
2023-04-13,0.006099548806614272,0.024785609080084432
2023-04-14,0.001265483578906359,0.02605109265899079
2023-04-17,0.001501036378523396,0.027552129037514188
2023-04-18,-9.696143610898137e-05,0.027455167601405206
2023-04-19,-0.002262762520190152,0.025192405081215053
2023-04-20,-0.008774493053946621,0.01641791202726843
2023-04-21,0.00026888454027127894,0.01668679656753971
2023-04-24,-0.0028921756306185117,0.013794620936921197
2023-04-25,-0.00564157923545952,0.008153041701461677
2023-04-26,0.014459696425432478,0.022612738126894155
2023-04-27,-0.002709327614194254,0.0199034105126999
2023-04-28,-0.004935061079745065,0.014968349432954834
2023-05-04,-0.008831400198028218,0.0061369492349266155
2023-05-05,-0.001732316288960612,0.004404632945966004
2023-05-08,-0.011179380400593924,-0.00677474745462792
2023-05-09,-0.0038174445877052635,-0.010592192042333182
2023-05-10,0.010239575209535565,-0.00035261683279761737
2023-05-11,0.0031270629201986693,0.002774446087401052
2023-05-12,-0.0012895274250811562,0.0014849186623198958
2023-05-15,0.0017059623298490627,0.003190880992168958
2023-05-16,0.003063173704542628,0.006254054696711586
2023-05-17,-0.002442016824610202,0.003812037872101384
2023-05-18,-0.0039083990571202225,-9.636118501883846e-05
2023-05-19,0.0028895828989714705,0.002793221713952632
2023-05-22,-0.003392882374431163,-0.0005996606604785309
2023-05-23,0.0020419158396590502,0.0014422551791805193
2023-05-24,0.0010475737328092297,0.002489828911989749
2023-05-25,0.0001183830322517314,0.00260821194424148
2023-05-26,-0.0011368224725798438,0.0014713894716616364
2023-05-29,0.001088124701925726,0.0025595141735873625
2023-05-30,0.005406799518357955,0.007966313691945318
2023-05-31,0.002207191534737004,0.010173505226682322
2023-06-01,0.0010835810001170074,0.011257086226799329
2023-06-02,0.005761263601558377,0.017018349828357704
2023-06-05,-0.005306427860215609,0.011711921968142094
2023-06-06,-0.0027211843835173305,0.008990737584624764
2023-06-07,-0.0036687390569711173,0.005321998527653646
2023-06-08,-0.0028290462161108146,0.0024929523115428316
2023-06-09,-0.0052395635803969744,-0.002746611268854143
2023-06-12,0.0012301011655478171,-0.0015165101033063257
2023-06-13,-0.00033706239026638177,-0.0018535724935727074
2023-06-14,-0.004372722394408276,-0.006226294887980983
2023-06-15,0.008201062336019626,0.0019747674480386423
2023-06-16,0.00038597070007944257,0.002360738148118085
2023-06-19,0.0017695231434933204,0.004130261291611405
2023-06-20,-0.0009927405415893122,0.0031375207500220926
2023-06-21,0.0037689392708657623,0.006906460020887855
2023-06-26,0.002635759295318498,0.009542219316206354
2023-06-27,0.0032457064114443427,0.012787925727650697
2023-06-28,0.003982419350854074,0.01677034507850477
2023-06-29,0.001528807338615977,0.018299152417120747
2023-06-30,0.004185904954307712,0.02248505737142846
2023-07-03,-0.0007483306014814874,0.021736726769946972
2023-07-04,-0.002339765730214229,0.019396961039732742
2023-07-05,-1.811359070927977e-05,0.019378847449023462
2023-07-06,0.0011542294820174456,0.02053307693104091
2023-07-07,0.0032795171703802416,0.02381259410142115
2023-07-10,0.0025792804398524155,0.026391874541273563
2023-07-11,-0.002487389580515768,0.023904484960757796
2023-07-12,0.0012203536552750696,0.025124838616032867
2023-07-13,0.0029719347725687896,0.028096773388601656
2023-07-14,-0.0010936411597348606,0.027003132228866796
2023-07-17,0.0024217767031894473,0.029424908932056244
2023-07-18,-0.0012780573870298218,0.028146851545026424
2023-07-19,0.0032271192153430286,0.03137397076036945
2023-07-20,-0.0008347476992425095,0.03053922306112694
2023-07-21,-0.00021580838693911303,0.030323414674187827
2023-07-24,-0.002101501996082295,0.028221912678105532
2023-07-25,-0.0029082050468531486,0.02531370763125238
2023-07-26,0.00037814595148889904,0.02569185358274128
2023-07-27,-0.001796121954212929,0.02389573162852835
2023-07-28,-0.007374470304970631,0.016521261323557718
2023-07-31,0.0006814470476044201,0.017202708371162136
2023-08-01,0.0037029489736949534,0.02090565734485709
2023-08-02,0.00035888357982395225,0.021264540924681042
2023-08-03,-0.000971903602832831,0.02029263732184821
2023-08-04,0.0028209004836789687,0.02311353780552718
2023-08-07,0.0005052203583348749,0.023618758163862056
2023-08-08,0.0006556952164179428,0.02427445338028
2023-08-09,-0.002910088214542118,0.02136436516573788
2023-08-10,0.005624085154500466,0.026988450320238347
2023-08-11,0.0007446951154308411,0.02773314543566919
2023-08-14,0.0011707637711167436,0.028903909206785934
2023-08-15,-0.008794693209550246,0.02010921599723569
2023-08-16,-0.0017511617548108928,0.018358054242424798
2023-08-17,0.004602542025461275,0.022960596267886074
2023-08-18,-0.004740642072641242,0.01821995419524483
2023-08-21,-0.001710000721231812,0.016509953474013017
2023-08-22,-0.0026048915108828545,0.013905061963130162
2023-08-23,-0.005774813998943766,0.008130247964186396
2023-08-24,0.004552335531164529,0.012682583495350924
2023-08-25,-0.00874527432540304,0.003937309169947884
2023-08-28,-0.002626079363435354,0.0013112298065125296
2023-08-29,0.0121469659815904,0.01345819578810293
2023-08-30,0.006022834117440058,0.019481029905542988
2023-08-31,1.7607999712940193e-05,0.01949863790525593
2023-09-01,-0.005389829024180633,0.014108808881075297
2023-09-04,0.0006796877394913672,0.014788496620566664
2023-09-05,0.003178331766159721,0.017966828386726384
2023-09-06,0.0008123879574476622,0.018779216344174045
2023-09-07,-0.006432976650749081,0.012346239693424963
2023-09-08,-0.0019962154566422656,0.010350024236782697
2023-09-11,0.004687112879856807,0.015037137116639504
2023-09-12,0.0016080339970771522,0.016645171113716658
2023-09-13,-0.0043623299012750215,0.012282841212441636
2023-09-14,-0.004232787445402006,0.008050053767039631
2023-09-15,0.003792055152403843,0.011842108919443473
2023-09-18,0.001784789269922976,0.01362689818936645
2023-09-19,-0.006811576571485773,0.006815321617880676
2023-09-20,-0.002457287745843504,0.004358033872037172
2023-09-21,0.00046702693949777536,0.004825060811534948
2023-09-22,0.0036771985936168332,0.008502259405151782
2023-09-25,-0.0020821552653253104,0.006420104139826471
2023-09-26,-0.0019091365126876337,0.004510967627138837
2023-09-27,0.0076012135943332735,0.012112181221472111
2023-09-28,0.003688595587707677,0.015800776809179788
2023-10-09,-0.004947416600438981,0.010853360208740807
2023-10-10,-0.0018301366185358838,0.009023223590204923
2023-10-11,-0.005730648143572711,0.003292575446632213
2023-10-12,0.0034233277589652456,0.006715903205597458
2023-10-13,-0.005657579830856988,0.0010583233747404703
2023-10-16,-0.0025151304028719103,-0.00145680702813144
2023-10-17,-0.0031118467992882525,-0.0045686538274196924
2023-10-18,-0.004813797852179953,-0.009382451679599646
2023-10-19,0.004485577418688795,-0.004896874260910851
2023-10-20,0.0027126936029646708,-0.00218418065794618
2023-10-23,-0.004825568726273122,-0.007009749384219302
2023-10-24,0.0030877783772321576,-0.003921971006987145
2023-10-25,0.0031129166990509906,-0.0008090543079361545
2023-10-26,-0.002631978140145788,-0.0034410324480819423
2023-10-27,0.006476923205012162,0.0030358907569302193
2023-10-30,4.2184215032357386e-05,0.0030780749719625765
2023-10-31,0.0012618160310362012,0.004339891002998778
2023-11-01,-0.0037701471682862133,0.0005697438347125644
2023-11-02,-0.0021325892882353074,-0.001562845453522743
2023-11-03,0.0005639327940725113,-0.0009989126594502316
2023-11-06,-0.0002444074278076889,-0.0012433200872579205
2023-11-07,-0.001730338169750089,-0.0029736582570080096
2023-11-08,-0.0012731380021826196,-0.00424679625919063
2023-11-09,0.001860691604690646,-0.0023861046544999837
2023-11-10,-0.0008423172657481791,-0.003228421920248163
2023-11-13,0.0014865112732539972,-0.0017419106469941657
2023-11-14,0.0007076214551092996,-0.001034289191884866
2023-11-15,0.001269220287972958,0.00023493109608809198
2023-11-16,0.0003127603739235443,0.0005476914700116363
2023-11-17,-0.001980600247294998,-0.001432908777283362
2023-11-20,-0.00042862139278323716,-0.001861530170066599
2023-11-21,0.0016760137547851188,-0.00018551641528148015
2023-11-22,0.000252718350904373,6.720193562289288e-05
2023-11-23,-0.0003298109103534527,-0.00026260897473055983
2023-11-24,-8.255464282081102e-05,-0.00034516361755137083
2023-11-27,-0.002818424799590709,-0.0031635884171420797
2023-11-28,-0.0008036504984531211,-0.003967238915595201
2023-11-29,-0.002167581234507492,-0.006134820150102693
2023-11-30,-0.0057793109743969045,-0.011914131124499598
2023-12-01,0.001952726082191451,-0.009961405042308146
2023-12-04,-0.0033065001905028387,-0.013267905232810986
2023-12-05,-0.0027082762388783523,-0.01597618147168934
2023-12-06,0.007552851721493874,-0.008423329750195465
2023-12-07,-0.00510990289628299,-0.013533232646478455
2023-12-08,0.002556440581631215,-0.01097679206484724
2023-12-11,-0.0038137337011453706,-0.01479052576599261
2023-12-12,-0.003372349053641033,-0.018162874819633645
2023-12-13,-0.009141085378947271,-0.027303960198580918
2023-12-14,0.0012324843517720451,-0.026071475846808873
2023-12-15,0.0010550397744847285,-0.025016436072324146
2023-12-18,-0.010685351869092249,-0.035701787941416395
2023-12-19,-0.0012619185067156962,-0.03696370644813209
2023-12-20,-0.001462685479264523,-0.038426391927396615
2023-12-21,0.00818680257455312,-0.030239589352843495
2023-12-22,0.0040848284132478435,-0.02615476093959565
2023-12-25,0.0013801418131865755,-0.024774619126409075
2023-12-26,-0.002997692637983679,-0.027772311764392755
2023-12-27,-0.0033563892815044187,-0.031128701045897173
2023-12-28,0.014055601351670593,-0.01707309969422658
2023-12-29,-0.002411482791941807,-0.019484582486168387
2024-01-02,-0.002791386634438579,-0.022275969120606965
2024-01-03,-0.007794140124406963,-0.030070109245013927
2024-01-04,-0.005209956822490154,-0.035280066067504084
2024-01-05,-0.003816325992802284,-0.03909639206030637
2024-01-08,-0.008169899040128412,-0.04726629110043479
2024-01-09,0.0018924179670966135,-0.045373873133338176
2024-01-10,-0.001025619635326117,-0.04639949276866429
2024-01-11,0.006579618817594061,-0.03981987395107023
2024-01-12,-0.0077799653986416265,-0.047599839349711855
2024-01-15,-0.004156714301533112,-0.051756553651244964
2024-01-16,-0.0036367580584261783,-0.05539331170967114
2024-01-17,-0.004567316118100158,-0.0599606278277713
2024-01-18,-0.0030569984491597203,-0.06301762627693101
2024-01-19,0.00017738373137351232,-0.0628402425455575
2024-01-22,-0.01435137366440254,-0.07719161620996004
2024-01-23,0.008818169760057991,-0.06837344644990205
2024-01-24,0.0014441734014655366,-0.06692927304843652
2024-01-25,0.008131356770015424,-0.05879791627842109
2024-01-26,-0.006548012421496087,-0.06534592869991718
2024-01-29,-0.008556101363914898,-0.07390203006383207
2024-01-30,-0.00928951294336881,-0.08319154300720089
2024-01-31,-0.021293891106058463,-0.10448543411325935
2024-02-01,0.009014816027660336,-0.09547061808559901
2024-02-02,-0.0143269940236402,-0.1097976121092392
2024-02-05,-0.013432194141107663,-0.12322980625034687
2024-02-06,0.02907335536582474,-0.09415645088452212
2024-02-07,0.004477364003215182,-0.08967908688130695
2024-02-08,0.01788666636399541,-0.07179242051731154
2024-02-19,-0.004528426909368599,-0.07632084742668013
2024-02-20,-0.0010200654272973092,-0.07734091285397744
2024-02-21,0.004736041254577658,-0.07260487159939978
2024-02-22,-0.00034851877179250255,-0.07295339037119228
2024-02-23,0.006429543518907967,-0.06652384685228431
2024-02-26,0.005064269457884775,-0.061459577394399535
2024-02-27,0.0004054945701720533,-0.06105408282422748
2024-02-28,0.0017830324038623304,-0.05927105042036515
2024-02-29,-3.086911454838542e-05,-0.05930191953491354
2024-03-01,-0.0030926315117089753,-0.06239455104662251
2024-03-04,-0.00010272683498728898,-0.0624972778816098
2024-03-05,-0.004757231220667154,-0.06725450910227695
2024-03-06,0.004207065438000109,-0.06304744366427685
2024-03-07,0.0028658277287423126,-0.06018161593553454
2024-03-08,-0.005658525241254896,-0.06584014117678944
2024-03-11,-0.0012221847822117971,-0.06706232595900123
2024-03-12,0.004670412490878457,-0.06239191346812278
2024-03-13,-0.006727925102318358,-0.06911983857044113
2024-03-14,-0.002202623832926625,-0.07132246240336776
2024-03-15,0.001891096778703796,-0.06943136562466397
2024-03-18,-0.0013436039592694287,-0.0707749695839334
2024-03-19,-0.002370289820030133,-0.07314525940396353
2024-03-20,0.0007907209874090553,-0.07235453841655448
2024-03-21,0.0006394578075336523,-0.07171508060902083
2024-03-22,-0.0037386273019662983,-0.07545370791098713
2024-03-25,-0.004462174870010591,-0.07991588278099772
2024-03-26,-0.0007094511620960497,-0.08062533394309376
2024-03-27,-0.0015283684784908511,-0.08215370242158461
2024-03-28,8.72226022976347e-05,-0.08206647981928697
2024-03-29,-0.0018823953399204332,-0.0839488751592074
2024-04-01,0.0017306561470215092,-0.0822182190121859
2024-04-02,-0.004070672362293924,-0.08628889137447983
2024-04-03,-0.004183557703642342,-0.09047244907812217
2024-04-08,-0.01221954681554676,-0.10269199589366892
2024-04-09,0.009794264253825074,-0.09289773163984386
2024-04-10,-0.010239211581867712,-0.10313694322171157
2024-04-11,-0.005795726344619891,-0.10893266956633146
2024-04-12,-0.005772857138489187,-0.11470552670482065
2024-04-15,-0.006680071587507754,-0.12138559829232841
2024-04-16,-0.008891363713167018,-0.13027696200549543
2024-04-17,0.007206950075628852,-0.12307001192986658
2024-04-18,-0.0016665366386804372,-0.12473654856854702
2024-04-19,-0.00720068430411508,-0.1319372328726621
2024-04-22,0.012130610083816147,-0.11980662278884595
2024-04-23,0.004188585774853979,-0.11561803701399197
2024-04-24,0.00044422122467420943,-0.11517381578931776
2024-04-25,0.000462793462151154,-0.11471102232716661
2024-04-26,0.015717678475500884,-0.09899334385166572
2024-04-29,0.01817038694525916,-0.08082295690640656
2024-04-30,-0.010005010542417458,-0.09082796744882402
2024-05-06,0.001527505512925045,-0.08930046193589897
2024-05-07,-0.0026564654855245375,-0.0919569274214235
2024-05-08,0.0006160922901345979,-0.0913408351312889
2024-05-09,0.004802847182335811,-0.0865379879489531
2024-05-10,-0.0020581347818507917,-0.08859612273080389
2024-05-13,-0.001336333712499778,-0.08993245644330367
2024-05-14,0.0010247987090253837,-0.08890765773427828
2024-05-15,-0.0015156798560078109,-0.09042333759028609
2024-05-16,-0.003941675932625606,-0.0943650135229117
2024-05-17,0.00229777346167487,-0.09206724006123683
2024-05-20,0.00583288637531187,-0.08623435368592496
2024-05-21,-0.004528600528998326,-0.09076295421492328
2024-05-22,0.008257021254241725,-0.08250593296068155
2024-05-23,-0.004074361489875737,-0.08658029445055729
2024-05-24,0.0007001581134249919,-0.08588013633713229
2024-05-27,-0.0006843943013144517,-0.08656453063844674
2024-05-28,-0.0010589885023416681,-0.0876235191407884
2024-05-29,0.000687184419733399,-0.08693633472105501
2024-05-30,0.002852767137056643,-0.08408356758399838
2024-05-31,0.0027439185858332605,-0.08133964899816512
2024-06-03,-0.007660188402789332,-0.08899983740095445
2024-06-04,0.0022023608441546906,-0.08679747655679976
2024-06-05,0.002446088636328974,-0.08435138792047078
2024-06-06,-0.007910128023649645,-0.09226151594412042
2024-06-07,0.002771306953346965,-0.08949020899077345
2024-06-11,0.00433518376630451,-0.08515502522446894
2024-06-12,0.0007134023379105687,-0.08444162288655838
2024-06-13,-0.0047887887602432655,-0.08923041164680164
2024-06-14,0.00368398505558853,-0.0855464265912131
2024-06-17,-0.0032500995059454476,-0.08879652609715855
2024-06-18,-0.00044572882015543266,-0.08924225491731398
2024-06-19,-0.005479825035115978,-0.09472207995242996
2024-06-20,-0.01025347405360911,-0.10497555400603907
2024-06-21,-0.0006962502565963035,-0.10567180426263538
2024-06-24,-0.007450253743882794,-0.11312205800651817
2024-06-25,0.004043045019987751,-0.10907901298653042
2024-06-26,0.00887629535023907,-0.10020271763629135
2024-06-27,-0.01010829528711518,-0.11031101292340653
2024-06-28,-0.0061780661575575125,-0.11648907908096405
2024-07-01,0.005833312385174045,-0.11065576669579001
2024-07-02,-0.0076278627353917735,-0.11828362943118179
2024-07-03,0.001045760669333312,-0.11723786876184847
2024-07-04,-0.012653150912451781,-0.12989101967430025
2024-07-05,0.008281923515270798,-0.12160909615902946
2024-07-08,-0.015263754148256897,-0.13687285030728635
2024-07-09,-0.0017648574709190226,-0.1386377077782054
2024-07-10,0.004862118510926939,-0.13377558926727845
2024-07-11,0.017467574636137993,-0.11630801463114046
2024-07-12,9.799156832024909e-05,-0.11621002306282022
2024-07-15,-0.006968025308634907,-0.12317804837145513
2024-07-16,0.0005344496448331139,-0.12264359872662202
2024-07-17,0.008146870078194058,-0.11449672864842796
2024-07-18,0.00286608546585101,-0.11163064318257694
2024-07-19,0.0018346073228423657,-0.10979603585973458
2024-07-22,-0.00020746204602571088,-0.11000349790576029
2024-07-23,-0.004756502653505954,-0.11476000055926625
2024-07-24,0.0006244699523656166,-0.11413553060690063
2024-07-25,0.00839786052102925,-0.10573767008587137
2024-07-26,0.006084473322343794,-0.09965319676352757
2024-07-29,-0.0015374183289620603,-0.10119061509248964
2024-07-30,-0.002786686316603063,-0.1039773014090927
2024-07-31,0.006404457107429099,-0.0975728443016636
2024-08-01,-0.0033361914079671567,-0.10090903570963076
2024-08-02,0.00013876552931763817,-0.10077027018031312
2024-08-05,-0.006957284897730791,-0.10772755507804391
2024-08-06,0.0068799545553714855,-0.10084760052267241
2024-08-07,0.0007227242475735435,-0.10012487627509888
2024-08-08,-0.0004274195345021053,-0.10055229580960098
2024-08-09,0.0012641174844979135,-0.09928817832510307
2024-08-12,0.0018536263080305394,-0.09743455201707253
2024-08-13,0.003161823772664939,-0.09427272824440759
2024-08-14,-0.0035820487785800745,-0.09785477702298767
2024-08-15,-0.001303742992984862,-0.09915852001597253
2024-08-16,-0.0038255835394792265,-0.10298410355545176
2024-08-19,-0.00031677033084202095,-0.10330087388629378
2024-08-20,-0.0037015755531162307,-0.10700244943941001
2024-08-21,-0.0013967983376111568,-0.10839924777702116
2024-08-22,-0.009989468411625011,-0.11838871618864617
2024-08-23,-0.003940496631668384,-0.12232921282031456
2024-08-26,0.0021650994725563497,-0.12016411334775821
2024-08-27,-0.005194769259755184,-0.1253588826075134
2024-08-28,0.007985224273539716,-0.11737365833397369
2024-08-29,0.012829187332470456,-0.10454447100150323
2024-08-30,0.010981267470502725,-0.0935632035310005
2024-09-02,-0.011401889578183281,-0.10496509310918378
2024-09-03,0.004881034305771378,-0.10008405880341241
2024-09-04,0.0021657496219777955,-0.09791830918143461
2024-09-05,0.004283711344539514,-0.0936345978368951
2024-09-06,-0.0012300565201496109,-0.0948646543570447
2024-09-09,-0.0007761686891690317,-0.09564082304621374
2024-09-10,8.938335409310324e-05,-0.09555143969212064
2024-09-11,-0.005236250631452304,-0.10078769032357295
2024-09-12,0.001901174285448425,-0.09888651603812453
2024-09-13,-0.0020540140374821028,-0.10094053007560663
2024-09-18,-0.0009116619845043095,-0.10185219206011094
2024-09-19,0.007488249613032592,-0.09436394244707835
2024-09-20,-0.001399317064722239,-0.09576325951180059
2024-09-23,0.001591388577158715,-0.09417187093464188
2024-09-24,0.0020664193203278622,-0.09210545161431402
2024-09-25,0.00041243662835539134,-0.09169301498595862
2024-09-26,-0.003819038683449815,-0.09551205366940844
2024-09-27,0.00795865625669271,-0.08755339741271573
2024-09-30,0.017202155933864163,-0.07035124147885156
2024-10-08,0.019206482316413576,-0.05114475916243799
2024-10-09,0.012327489512352715,-0.03881726965008528
2024-10-10,7.734554973545072e-05,-0.03873992410034983
2024-10-11,-0.006376056367024318,-0.045115980467374146
2024-10-14,-0.0014827840403647053,-0.04659876450773885
2024-10-15,-0.0005007990223536362,-0.04709956353009249
2024-10-16,0.002799738940367105,-0.04429982458972538
2024-10-17,-0.005077847707568031,-0.04937767229729341
2024-10-18,-0.005753215998897636,-0.05513088829619105
2024-10-21,0.006887939578882041,-0.048242948717309005
2024-10-22,0.007342619790101216,-0.04090032892720779
2024-10-23,0.011641788891414291,-0.0292585400357935
2024-10-24,-0.002920466869402948,-0.03217900690519645
2024-10-25,0.0018576899908876272,-0.03032131691430882
2024-10-28,0.011281153019571,-0.01904016389473782
2024-10-29,-0.005776073133931554,-0.024816237028669374
2024-10-30,5.1145411059744646e-05,-0.02476509161760963
2024-10-31,-0.002921932475967902,-0.027687024093577532
2024-11-01,0.005395015742871062,-0.02229200835070647
2024-11-04,-0.004787822819399122,-0.02707983117010559
2024-11-05,-0.006660441925199947,-0.033740273095305535
2024-11-06,0.0005725148004913974,-0.03316775829481414
2024-11-07,-0.005254801287378657,-0.038422559582192796
2024-11-08,0.00476191238290688,-0.033660647199285916
2024-11-11,-0.001394419425070621,-0.035055066624356535
2024-11-12,0.00795548950637391,-0.027099577117982623
2024-11-13,0.005026919958673568,-0.022072657159309055
2024-11-14,0.003008907622966207,-0.019063749536342846
2024-11-15,0.010042503261831122,-0.009021246274511724
2024-11-18,0.00725877139826787,-0.0017624748762438544
2024-11-19,-0.0034200444043422694,-0.005182519280586124
2024-11-20,0.0020954278956325217,-0.003087091384953602
2024-11-21,-0.0007126941053423187,-0.003799785490295921
2024-11-22,-0.004957004722825427,-0.008756790213121347
2024-11-25,0.0013445144151520642,-0.007412275797969283
2024-11-26,-3.241708491565754e-05,-0.007444692882884941
2024-11-27,-0.0004489784619866067,-0.007893671344871548
2024-11-28,-0.0010776800523086539,-0.0089713513971802
2024-11-29,0.0034830247066050075,-0.005488326690575193
2024-12-02,0.003925976628453593,-0.0015623500621216
2024-12-03,-0.0050038384763915625,-0.006566188538513163
2024-12-04,-0.0023570578218666772,-0.00892324636037984
2024-12-05,-0.000507079941569873,-0.009430326301949713
2024-12-06,0.004170974949597926,-0.005259351352351786
2024-12-09,-0.0033392193087035684,-0.008598570661055354
2024-12-10,-0.0013751412841374877,-0.009973711945192842
2024-12-11,0.0030100485742679556,-0.0069636633709248864
2024-12-12,0.0020146464267220146,-0.004949016944202872
2024-12-13,8.705322737703687e-06,-0.004940311621465168
2024-12-16,-0.005475567498265276,-0.010415879119730444
2024-12-17,-0.000448396293745926,-0.010864275413476369
2024-12-18,-0.0025660867518031913,-0.01343036216527956
2024-12-19,0.00011700459987872713,-0.013313357565400833
2024-12-20,-0.00130100357424046,-0.014614361139641294
2024-12-23,-0.005770500070808266,-0.02038486121044956
2024-12-24,6.938990384585335e-05,-0.02031547130660371
2024-12-25,-0.005889121857594615,-0.026204593164198323
2024-12-26,-0.0005432445618433512,-0.026747837726041675
2024-12-27,0.0029400507710973596,-0.023807786954944316
2024-12-30,-0.005836545474852359,-0.029644332429796673
2024-12-31,-0.004411288792771295,-0.034055621222567965
2025-01-02,0.003445803846085278,-0.030609817376482686
2025-01-03,0.003829322442042941,-0.026780494934439746
2025-01-06,0.002760132606193605,-0.024020362328246142
2025-01-07,-0.0034515288258525835,-0.027471891154098725
2025-01-08,-0.005042536805204524,-0.032514427959303246
2025-01-09,0.001256800510128766,-0.03125762744917448
2025-01-10,-0.009205986539832723,-0.040463613989007205
2025-01-13,0.008011227322468034,-0.03245238666653917
2025-01-14,0.00447255597527382,-0.02797983069126535
2025-01-15,0.0020128706205419095,-0.02596696007072344
2025-01-16,0.00023068481057746104,-0.02573627526014598
2025-01-17,0.0025398353952147284,-0.02319643986493125
2025-01-20,-0.00145149705270313,-0.02464793691763438
2025-01-21,-0.0008740966016428264,-0.025522033519277208
2025-01-22,0.004072485516057067,-0.021449548003220142
2025-01-23,0.0035303293896272714,-0.01791921861359287
2025-01-24,-0.0022569290118767513,-0.020176147625469622
2025-01-27,0.010070986846288354,-0.010105160779181268
2025-02-05,0.0006716966880373524,-0.009433464091143916
2025-02-06,-0.005335166816203388,-0.014768630907347305
2025-02-07,-0.0013560247955067407,-0.016124655702854044
2025-02-10,-0.001040809155596071,-0.017165464858450115
2025-02-11,-0.003851852466069509,-0.021017317324519624
2025-02-12,-0.006375103455784949,-0.02739242078030457
2025-02-13,0.008793082119065142,-0.01859933866123943
2025-02-14,-0.005689829974489902,-0.024289168635729334
2025-02-17,-0.003033489160859655,-0.02732265779658899
2025-02-18,0.0006151240427706855,-0.026707533753818305
2025-02-19,-0.007903884319650847,-0.03461141807346915
2025-02-20,-0.0013470470569003994,-0.03595846513036955
2025-02-21,-0.011068413426090402,-0.047026878556459956
2025-02-24,0.0073821081324686785,-0.039644770423991275
2025-02-25,0.00029537960444085985,-0.03934939081955042
2025-02-26,-0.0012719991936826491,-0.04062139001323307
2025-02-27,0.0005582457999663209,-0.040063144213266746
2025-02-28,0.011655747832049443,-0.028407396381217302
2025-03-03,0.002196427524415116,-0.026210968856802186
2025-03-04,0.0024814173707059066,-0.02372955148609628
2025-03-05,-0.0014467534890337322,-0.02517630497513001
2025-03-06,-0.008034497373804992,-0.033210802348935003
2025-03-07,0.0007234797622720647,-0.03248732258666294
2025-03-10,0.0038241731208199852,-0.028663149465842953
2025-03-11,-0.00029038303126485243,-0.028953532497107807
2025-03-12,0.0006076946551035953,-0.02834583784200421
2025-03-13,0.004225018847365068,-0.024120818994639144
2025-03-14,-0.002155625130546171,-0.026276444125185316
2025-03-17,0.003919729191052218,-0.022356714934133097
2025-03-18,-0.0006661477894180331,-0.02302286272355113
2025-03-19,-0.0017823783956213252,-0.024805241119172455
2025-03-20,0.002034929250829035,-0.02277031186834342
2025-03-21,0.003782769691196671,-0.01898754217714675
2025-03-24,-0.0037189703654353615,-0.02270651254258211
2025-03-25,0.005351756508601254,-0.017354756033980855
2025-03-26,0.0009086843169060268,-0.01644607171707483
2025-03-27,0.00026242093025734557,-0.016183650786817484
2025-03-28,-0.006099815517804251,-0.022283466304621732
2025-03-31,-0.0021639890534153818,-0.024447455358037114
2025-04-01,0.0029342327569090525,-0.021513222601128063
2025-04-02,0.000950302924086342,-0.02056291967704172
2025-04-03,-0.0011396094243490903,-0.02170252910139081
2025-04-07,-0.01963185403664178,-0.04133438313803259
2025-04-08,-0.004266516854132899,-0.04560089999216549
2025-04-09,0.010551174903625584,-0.0350497250885399
2025-04-10,0.010357391535935652,-0.02469233355260425
2025-04-11,0.004314808500758583,-0.020377525051845667
2025-04-14,0.0012032209029374512,-0.019174304148908215
2025-04-15,-0.006044687903829721,-0.025218992052737935
2025-04-16,-0.009629250782148139,-0.03484824283488607
2025-04-17,-0.001653975538088642,-0.03650221837297472
2025-04-18,0.005185358651796661,-0.03131685972117806
2025-04-21,0.003623819771518745,-0.027693039949659312
2025-04-22,-0.006492138162764204,-0.03418517811242352
2025-04-23,0.004001808765029138,-0.03018336934739438
2025-04-24,-0.003884501487980713,-0.03406787083537509
2025-04-25,0.006158537885916283,-0.027909332949458805
2025-04-28,-0.005153074287957247,-0.033062407237416054
2025-04-29,-0.002808396604718256,-0.03587080384213431
2025-04-30,0.0019813908112792417,-0.03388941303085507
2025-05-06,0.006231345660591727,-0.027658067370263342
2025-05-07,0.0002386342290975419,-0.0274194331411658
2025-05-08,-0.0006523414016401269,-0.02807177454280593
2025-05-09,-0.006353311040494328,-0.034425085583300256
2025-05-12,0.0008771099914096072,-0.03354797559189065
2025-05-13,0.007595687727633071,-0.025952287864257576
2025-05-14,-0.0059286494506085915,-0.031880937314866166
2025-05-15,0.001734526977406085,-0.03014641033746008
2025-05-16,-0.002558728004224569,-0.03270513834168465
2025-05-19,0.0008353811370303636,-0.031869757204654285
2025-05-20,0.0007964689426267959,-0.031073288262027488
2025-05-21,-0.0010543389061289541,-0.03212762716815644
2025-05-22,-0.006739947271747735,-0.03886757443990417
2025-05-23,0.0005835559438505969,-0.038284018496053576
2025-05-26,0.0031943780979174,-0.035089640398136175
2025-05-27,0.0001188603384115968,-0.03497078005972458
2025-05-28,-0.0020452778417270547,-0.037016057901451634
2025-05-29,0.003588143202722529,-0.033427914698729105
2025-05-30,-0.0009193827064344691,-0.034347297405163575
2025-06-03,-0.005542213397335362,-0.03988951080249894
2025-06-04,-0.000133875666498938,-0.040023386468997876
2025-06-05,0.0005897559403830083,-0.03943363052861487
2025-06-06,0.00202603493353937,-0.037407595595075505
2025-06-09,0.0001867651850910595,-0.037220830409984446
2025-06-10,-0.002412028468905161,-0.03963285887888961
2025-06-11,-0.0010145474284379554,-0.04064740630732756
2025-06-12,-0.002012233929254715,-0.04265964023658228
2025-06-13,0.003959807108269996,-0.03869983312831228
2025-06-16,-0.0050407671531604425,-0.043740600281472725
2025-06-17,0.0020003405515922165,-0.041740259729880505
2025-06-18,-0.0009884301471229035,-0.04272868987700341
2025-06-19,-7.802635663654422e-05,-0.04280671623363995
2025-06-20,-0.0015042991164732479,-0.0443110153501132
2025-06-23,-0.00030150217025017945,-0.044612517520363375
2025-06-24,0.0011110219208778202,-0.04350149559948555
2025-06-25,-0.001616506713402128,-0.04511800231288768
2025-06-26,-0.002088710792606209,-0.04720671310549389
2025-06-27,0.00572790859655891,-0.04147880450893498
2025-06-30,0.004157059747678917,-0.03732174476125606
2025-07-01,-0.003147031426448013,-0.04046877618770407
2025-07-02,0.0013140475851181122,-0.03915472860258596
2025-07-03,-0.0006571886400065594,-0.03981191724259252
2025-07-04,-0.002777112841619502,-0.04258903008421202
2025-07-07,0.004104348787980192,-0.038484681296231824
2025-07-08,-0.0036075441311064784,-0.0420922254273383
2025-07-09,-0.00032925098382679836,-0.0424214764111651
2025-07-10,-0.0018093493246256938,-0.0442308257357908
2025-07-11,0.0011061392078464485,-0.04312468652794435
2025-07-14,0.0029656566981258715,-0.04015902982981848
2025-07-15,-0.005658972914542787,-0.045818002744361264
2025-07-16,0.003612197649280706,-0.04220580509508056
2025-07-17,-0.00587840231306016,-0.04808420740814072
2025-07-18,0.0006061926844657633,-0.04747801472367496
2025-07-21,0.00023913866236800426,-0.04723887606130695
2025-07-22,-0.0042142723927507415,-0.05145314845405769
2025-07-23,-0.0007425216083520757,-0.052195670062409764
2025-07-24,-0.0059821720846037095,-0.05817784214701347
2025-07-25,-8.994074632519804e-05,-0.05826778289333867
2025-07-28,-0.003552538461523559,-0.06182032135486223
2025-07-29,-0.007470993890271191,-0.06929131524513342
2025-07-30,0.00459390145247935,-0.06469741379265406
2025-07-31,0.0052888618273288,-0.05940855196532526
2025-08-01,0.004973308781637275,-0.05443524318368799
2025-08-04,0.0022487844728603305,-0.05218645871082766
2025-08-05,0.0039978337414154535,-0.0481886249694122
2025-08-06,-0.002816931619518419,-0.05100555658893062
2025-08-07,-0.0006111205734057477,-0.051616677162336366
2025-08-08,0.00037159888328439084,-0.051245078279051975
2025-08-11,0.00036135425970522264,-0.05088372401934675
2025-08-12,-0.00493232843050928,-0.05581605244985603
2025-08-13,-0.005224068238171376,-0.06104012068802741
2025-08-14,-0.004996626792244302,-0.06603674748027172
2025-08-15,-0.0027148515517865747,-0.0687515990320583
2025-08-18,-0.001473992077399959,-0.07022559110945825
2025-08-19,0.0011511022312025387,-0.06907448887825571
2025-08-20,-0.003809044567056534,-0.07288353344531225
2025-08-21,0.004250042818071865,-0.06863349062724038
2025-08-22,-0.01450279673403927,-0.08313628736127965
2025-08-25,-0.004479891336001198,-0.08761617869728085
2025-08-26,0.002848252600876201,-0.08476792609640464
2025-08-27,-0.0032853900953333337,-0.08805331619173798
2025-08-28,-0.011767273177369926,-0.0998205893691079
2025-08-29,-0.009547123655599265,-0.10936771302470716
2025-09-01,-0.008556343882458095,-0.11792405690716526
2025-09-02,0.01232965879668753,-0.10559439811047773
2025-09-03,-0.0056119165248281234,-0.11120631463530585
2025-09-04,0.01939551735161591,-0.09181079728368993
2025-09-05,-0.017639154338842285,-0.10944995162253221
2025-09-08,0.0027799816686625537,-0.10666996995386965
2025-09-09,0.006454277527558217,-0.10021569242631144
2025-09-10,-0.004431043668517264,-0.1046467360948287
2025-09-11,-0.0054689868992622665,-0.11011572299409098
2025-09-12,-0.0029421416080435006,-0.11305786460213448
2025-09-15,-0.0004467210424214127,-0.11350458564455589
2025-09-16,-0.0012808763344877437,-0.11478546197904363
2025-09-17,-0.003051846738738712,-0.11783730871778234
2025-09-18,-0.00499178024190514,-0.12282908895968747
2025-09-19,-0.004487639308078125,-0.1273167282677656
2025-09-22,-0.009371411302105772,-0.1366881395698714
2025-09-23,-0.0018532904381065127,-0.1385414300079779
2025-09-24,-0.005535474572693938,-0.14407690458067182
2025-09-25,-0.009922176188376883,-0.1539990807690487
2025-09-26,0.012393384248616857,-0.14160569652043184
2025-09-29,-0.0019269277877006909,-0.14353262430813252
2025-09-30,-0.006983978673379415,-0.15051660298151193
2025-10-09,-0.003983055885661144,-0.15449965886717307
2025-10-10,0.021662702636367576,-0.1328369562308055
2025-10-13,-0.001324675799528134,-0.13416163203033363
2025-10-14,0.019526802791773188,-0.11463482923856044
2025-10-15,-0.008457315370826531,-0.12309214460938697
2025-10-16,0.0011921138334154684,-0.1219000307759715
2025-10-17,0.00948078973391038,-0.11241924104206112
2025-10-20,-0.006263111126946584,-0.1186823521690077
2025-10-21,-0.006177396588549741,-0.12485974875755744
2025-10-22,1.8297341105768134e-05,-0.12484145141645167
2025-10-23,-0.0012683877603246766,-0.12610983917677634
2025-10-24,-0.006957597026242149,-0.1330674362030185
2025-10-27,-0.0035838970644266784,-0.1366513332674452
2025-10-28,0.004031724300784304,-0.1326196089666609
2025-10-29,0.0022232571278191443,-0.13039635183884174
2025-10-30,0.0021773057008894446,-0.1282190461379523
2025-10-31,0.016353650560486314,-0.11186539557746597
2025-11-03,-0.0026026960922602886,-0.11446809166972625
2025-11-04,-0.00044890822563540926,-0.11491699989536167
2025-11-05,-0.0007580397005395881,-0.11567503959590125
2025-11-06,-0.006222265535011666,-0.12189730513091292
2025-11-07,-0.002327458669223442,-0.12422476380013636
2025-11-10,0.002478294287622716,-0.12174646951251365
2025-11-11,-0.0005399685975863178,-0.12228643811009997
2025-11-12,-0.003089864182017018,-0.125376302292117
2025-11-13,-0.002966999611407776,-0.12834330190352478
2025-11-14,-0.003008827174885963,-0.13135212907841073
2025-11-17,0.0025713609217141798,-0.12878076815669656
2025-11-18,0.0060567008610234625,-0.1227240672956731
2025-11-19,-0.01027240405254199,-0.1329964713482151
2025-11-20,-0.00046915309076266587,-0.13346562443897778
2025-11-21,-0.0005553195290135707,-0.13402094396799136
2025-11-24,0.004206348978779521,-0.12981459498921183
2025-11-25,0.0028319374726189237,-0.1269826575165929
2025-11-26,-0.00226646717530771,-0.1292491246919006
2025-11-27,-0.0007529304314764544,-0.13000205512337706
2025-11-28,0.0031427504914300834,-0.12685930463194697
2025-12-01,0.009454769123046552,-0.11740453550890043
2025-12-02,-0.0031383871916092166,-0.12054292270050965
2025-12-03,0.0006229555526693295,-0.11991996714784031
2025-12-04,-0.0014298226699233018,-0.12134978981776362
2025-12-05,-0.0024902969589759524,-0.12384008677673958
2025-12-08,-0.005497929537530962,-0.12933801631427053
2025-12-09,-0.0030600982468385178,-0.13239811456110903
2025-12-10,0.002306640011829626,-0.1300914745492794
2025-12-11,-2.1352685479049372e-05,-0.13011282723475845
2025-12-12,-0.0014050035536888926,-0.13151783078844734
2025-12-15,0.0016796389161495182,-0.1298381918722978
2025-12-16,0.004851988715372668,-0.12498620315692514
2025-12-17,-0.009815944656390498,-0.13480214781331565
2025-12-18,0.008984768663261901,-0.12581737915005375
2025-12-19,-0.002098242623331339,-0.12791562177338509
2025-12-22,-0.005256688552179483,-0.13317231032556456
2025-12-23,-0.0026646420119072565,-0.1358369523374718
2025-12-24,0.0015854716610493942,-0.13425148067642242
2025-12-25,0.0014745698208447906,-0.13277691085557763
2025-12-26,0.0003571816151603493,-0.13241972924041728
